n,mean,stderr
1000,0.00003317,0.00000046
2000,0.00006737,0.00000089
3000,0.00010091,0.00000080
4000,0.00013667,0.00000120
5000,0.00017491,0.00000194
6000,0.00020506,0.00000129
7000,0.00024229,0.00000210
8000,0.00028343,0.00000234
9000,0.00032012,0.00000246
10000,0.00035402,0.00000427
11000,0.00039158,0.00000306
12000,0.00042304,0.00000357
13000,0.00046095,0.00000319
14000,0.00050074,0.00000396
15000,0.00053894,0.00000165
16000,0.00057268,0.00000377
17000,0.00061333,0.00000279
18000,0.00065413,0.00000205
19000,0.00069442,0.00000343
20000,0.00073057,0.00000340
